Os02g0739700.5,TGCA,2285
Os06g0252300.35,TGCA,2285
Os01g0867300.59,TGCA,2285
Os03g0745000.77,TGCA,2285
Os08g0546800.110,TGCA,2285
Os01g0165000.129,TGCA,2285
Os01g0734000.149,TGCA,2285
Os02g0766700.157,TGCA,2285
Os03g0769800.192,TGCA,2285
Os09g0526600.227,TGCA,2285
Os02g0739700.7,CANNTG,1946
Os06g0252300.29,CANNTG,1946
Os01g0867300.52,CANNTG,1946
Os03g0745000.66,CANNTG,1946
Os08g0546800.95,CANNTG,1946
Os01g0165000.115,CANNTG,1946
Os01g0734000.138,CANNTG,1946
Os02g0766700.163,CANNTG,1946
Os03g0769800.200,CANNTG,1946
Os09g0526600.211,CANNTG,1946
Os02g0739700.6,GTNNAC,1202
Os06g0252300.28,GTNNAC,1202
Os01g0867300.53,GTNNAC,1202
Os03g0745000.67,GTNNAC,1202
Os08g0546800.96,GTNNAC,1202
Os01g0165000.116,GTNNAC,1202
Os01g0734000.137,GTNNAC,1202
Os02g0766700.164,GTNNAC,1202
Os03g0769800.199,GTNNAC,1202
Os09g0526600.212,GTNNAC,1202
Os02g0739700.4,ACGT,1019
Os06g0252300.34,ACGT,1019
Os01g0867300.58,ACGT,1019
Os03g0745000.76,ACGT,1019
Os08g0546800.109,ACGT,1019
Os01g0165000.128,ACGT,1019
Os01g0734000.150,ACGT,1019
Os02g0766700.158,ACGT,1019
Os03g0769800.193,ACGT,1019
Os09g0526600.226,ACGT,1019
Os02g0739700.22,GNCAAY,690
Os06g0252300.39,GNCAAY,690
Os01g0867300.49,GNCAAY,690
Os03g0745000.70,GNCAAY,690
Os08g0546800.99,GNCAAY,690
Os01g0165000.114,GNCAAY,690
Os01g0734000.144,GNCAAY,690
Os02g0766700.182,GNCAAY,690
Os03g0769800.196,GNCAAY,690
Os09g0526600.218,GNCAAY,690
Os02g0739700.13,CNGTTR,562
Os06g0252300.41,CNGTTR,562
Os01g0867300.55,CNGTTR,562
Os03g0745000.68,CNGTTR,562
Os08g0546800.107,CNGTTR,562
Os01g0165000.122,CNGTTR,562
Os01g0734000.142,CNGTTR,562
Os02g0766700.185,CNGTTR,562
Os03g0769800.210,CNGTTR,562
Os09g0526600.232,CNGTTR,562
Os02g0739700.21,TGCAC,459
Os06g0252300.38,TGCAC,459
Os03g0745000.74,TGCAC,459
Os01g0165000.127,TGCAC,459
Os01g0734000.148,TGCAC,459
Os02g0766700.175,TGCAC,459
Os03g0769800.191,TGCAC,459
Os09g0526600.225,TGCAC,459
Os02g0739700.16,AACTG,442
Os01g0867300.64,AACTG,442
Os03g0745000.90,AACTG,442
Os01g0165000.131,AACTG,442
Os01g0734000.141,AACTG,442
Os02g0766700.160,AACTG,442
Os03g0769800.205,AACTG,442
Os09g0526600.231,AACTG,442
Os02g0739700.14,GAAAAA,414
Os06g0252300.40,GAAAAA,414
Os01g0867300.57,GAAAAA,414
Os03g0745000.79,GAAAAA,414
Os08g0546800.94,GAAAAA,414
Os01g0165000.118,GAAAAA,414
Os01g0734000.146,GAAAAA,414
Os02g0766700.161,GAAAAA,414
Os03g0769800.207,GAAAAA,414
Os09g0526600.213,GAAAAA,414
Os02g0739700.19,TTGAC,393
Os06g0252300.32,TTGAC,393
Os01g0867300.60,TTGAC,393
Os08g0546800.101,TTGAC,393
Os01g0734000.155,TTGAC,393
Os02g0766700.166,TTGAC,393
Os03g0769800.209,TTGAC,393
Os02g0739700.8,ACTGC,360
Os06g0252300.46,ACTGC,360
Os01g0867300.51,ACTGC,360
Os03g0745000.93,ACTGC,360
Os01g0165000.123,ACTGC,360
Os01g0734000.139,ACTGC,360
Os02g0766700.159,ACTGC,360
Os01g0867300.56,RTTGMC,350
Os03g0745000.69,RTTGMC,350
Os08g0546800.108,RTTGMC,350
Os01g0734000.152,RTTGMC,350
Os02g0766700.188,RTTGMC,350
Os09g0526600.233,RTTGMC,350
Os01g0867300.62,WTTGGT,338
Os01g0734000.143,WTTGGT,338
Os02g0766700.165,WTTGGT,338
Os03g0769800.201,WTTGGT,338
Os09g0526600.215,WTTGGT,338
Os02g0739700.3,ACGTG,334
Os06g0252300.45,ACGTG,334
Os03g0745000.75,ACGTG,334
Os01g0165000.132,ACGTG,334
Os01g0734000.154,ACGTG,334
Os02g0766700.169,ACGTG,334
Os03g0769800.194,ACGTG,334
Os09g0526600.229,ACGTG,334
Os02g0739700.27,YAACKG,314
Os06g0252300.43,YAACKG,314
Os03g0745000.86,YAACKG,314
Os08g0546800.100,YAACKG,314
Os01g0165000.117,YAACKG,314
Os01g0734000.145,YAACKG,314
Os02g0766700.183,YAACKG,314
Os03g0769800.204,YAACKG,314
Os09g0526600.230,YAACKG,314
Os02g0739700.17,CTTTTT,299
Os06g0252300.33,CTTTTT,299
Os01g0867300.54,CTTTTT,299
Os03g0745000.71,CTTTTT,299
Os08g0546800.112,CTTTTT,299
Os01g0165000.133,CTTTTT,299
Os01g0734000.140,CTTTTT,299
Os02g0766700.186,CTTTTT,299
Os03g0769800.190,CTTTTT,299
Os09g0526600.214,CTTTTT,299
Os02g0739700.20,WAACCA,281
Os01g0867300.63,WAACCA,281
Os03g0745000.78,WAACCA,281
Os08g0546800.111,WAACCA,281
Os02g0766700.162,WAACCA,281
Os02g0739700.15,TGACG,233
Os06g0252300.30,TGACG,233
Os01g0867300.61,TGACG,233
Os03g0745000.82,TGACG,233
Os08g0546800.102,TGACG,233
Os01g0165000.113,TGACG,233
Os01g0734000.147,TGACG,233
Os02g0766700.156,TGACG,233
Os03g0769800.195,TGACG,233
Os02g0739700.10,YGGCTG,201
Os08g0546800.105,YGGCTG,201
Os01g0165000.121,YGGCTG,201
Os02g0766700.179,YGGCTG,201
Os03g0769800.198,YGGCTG,201
Os09g0526600.221,YGGCTG,201
Os06g0252300.36,CATGTG,165
Os08g0546800.98,CATGTG,165
Os02g0766700.176,CATGTG,165
Os09g0526600.217,CATGTG,165
Os02g0739700.26,CACATG,153
Os03g0745000.87,CACATG,153
Os02g0766700.172,CACATG,153
Os02g0739700.12,RCCGAC,145
Os06g0252300.42,RCCGAC,145
Os01g0165000.124,RCCGAC,145
Os02g0766700.174,RCCGAC,145
Os03g0769800.197,RCCGAC,145
Os09g0526600.220,RCCGAC,145
Os08g0546800.104,TGGCTG,123
Os01g0165000.120,TGGCTG,123
Os02g0766700.180,TGGCTG,123
Os06g0252300.31,TTGACC,101
Os02g0739700.25,GTACAC,100
Os03g0745000.88,GTACAC,100
Os02g0766700.173,GTACAC,100
Os01g0867300.65,ATTGAC,95
Os02g0766700.187,ATTGAC,95
Os01g0165000.134,TAACTG,94
Os06g0252300.37,GTGTAC,83
Os08g0546800.97,GTGTAC,83
Os02g0766700.177,GTGTAC,83
Os09g0526600.216,GTGTAC,83
Os02g0739700.18,AACTGG,75
Os03g0745000.89,AACTGG,75
Os01g0165000.130,AACTGG,75
Os02g0739700.24,ACCGAC,64
Os06g0252300.47,ACCGAC,64
Os01g0165000.136,ACCGAC,64
Os09g0526600.219,ACCGAC,64
Os01g0165000.135,TGCASSSG,45
Os02g0766700.181,TGCASSSG,45
Os03g0769800.202,TGCASSSG,45
Os09g0526600.223,TGCASSSG,45
Os03g0745000.92,TGCACMG,43
Os01g0165000.125,TGCACMG,43
Os01g0734000.151,TGCACMG,43
Os02g0766700.189,TGCACMG,43
Os03g0769800.203,TGCACMG,43
Os09g0526600.224,TGCACMG,43
Os02g0739700.23,AWTTCAAA,40
Os08g0546800.106,AWTTCAAA,40
Os01g0165000.119,AWTTCAAA,40
Os02g0739700.2,ACGTGKC,39
Os03g0745000.81,ACGTGKC,39
Os02g0766700.168,ACGTGKC,39
Os09g0526600.228,ACGTGKC,39
Os03g0745000.73,AGCCGCC,31
Os02g0739700.11,ACGTSSSC,30
Os06g0252300.48,ACGTSSSC,30
Os02g0766700.178,ACGTSSSC,30
Os03g0769800.208,TWAAGTTT,30
Os03g0769800.206,ACGTSSSC,30
Os03g0745000.80,AACGTGT,24
Os01g0734000.153,AACGTGT,24
Os03g0745000.83,TCGGCGG,22
Os02g0766700.170,TCGGCGG,22
Os03g0745000.72,GGATGGNNNNNNNGA,18
Os02g0766700.184,KGTCCCAT,15
Os01g0165000.126,RTGCACCG,10
Os02g0739700.1,YACGTGGC,9
Os03g0745000.85,YACGTGGC,9
Os02g0766700.167,YACGTGGC,9
Os01g0867300.50,YCACTGNNNCG,8
Os03g0745000.91,YCACTGNNNCG,8
Os09g0526600.222,YCACTGNNNCG,8
Os06g0252300.44,RYACGTGGYR,6
Os03g0745000.84,CACGTGGC,6
Os02g0766700.171,MCAGGGTA,6
Os02g0739700.9,TCTAGGTT,3
Os08g0546800.103,ATGGCTGTA,0
