Os01g0657400.4,TGCA,1500
Os01g0302500.26,TGCA,1500
Os09g0455200.41,TGCA,1500
Os01g0625300.66,TGCA,1500
Os06g0245900.80,TGCA,1500
Os07g0129700.106,TGCA,1500
Os04g0637000.120,TGCA,1500
Os12g0612700.160,TGCA,1500
Os01g0224100.174,TGCA,1500
Os06g0140700.192,TGCA,1500
Os01g0657400.2,CANNTG,1284
Os01g0302500.19,CANNTG,1284
Os09g0455200.43,CANNTG,1284
Os01g0625300.59,CANNTG,1284
Os06g0245900.85,CANNTG,1284
Os07g0129700.102,CANNTG,1284
Os04g0637000.124,CANNTG,1284
Os12g0612700.151,CANNTG,1284
Os01g0224100.164,CANNTG,1284
Os06g0140700.189,CANNTG,1284
Os01g0657400.1,GTNNAC,684
Os01g0302500.18,GTNNAC,684
Os09g0455200.44,GTNNAC,684
Os01g0625300.60,GTNNAC,684
Os06g0245900.82,GTNNAC,684
Os07g0129700.103,GTNNAC,684
Os04g0637000.125,GTNNAC,684
Os12g0612700.152,GTNNAC,684
Os01g0224100.166,GTNNAC,684
Os06g0140700.190,GTNNAC,684
Os01g0657400.3,ACGT,640
Os01g0302500.27,ACGT,640
Os09g0455200.40,ACGT,640
Os01g0625300.67,ACGT,640
Os06g0245900.81,ACGT,640
Os07g0129700.105,ACGT,640
Os04g0637000.119,ACGT,640
Os12g0612700.159,ACGT,640
Os01g0224100.173,ACGT,640
Os06g0140700.193,ACGT,640
Os01g0657400.13,GNCAAY,441
Os01g0302500.32,GNCAAY,441
Os09g0455200.50,GNCAAY,441
Os06g0245900.90,GNCAAY,441
Os07g0129700.108,GNCAAY,441
Os12g0612700.153,GNCAAY,441
Os01g0224100.163,GNCAAY,441
Os06g0140700.203,GNCAAY,441
Os01g0657400.12,CNGTTR,390
Os01g0302500.22,CNGTTR,390
Os09g0455200.53,CNGTTR,390
Os01g0625300.76,CNGTTR,390
Os06g0245900.84,CNGTTR,390
Os07g0129700.101,CNGTTR,390
Os04g0637000.136,CNGTTR,390
Os12g0612700.146,CNGTTR,390
Os01g0224100.168,CNGTTR,390
Os06g0140700.199,CNGTTR,390
Os01g0302500.28,AACTG,289
Os01g0625300.74,AACTG,289
Os06g0245900.93,AACTG,289
Os07g0129700.99,AACTG,289
Os04g0637000.122,AACTG,289
Os12g0612700.142,AACTG,289
Os01g0224100.171,AACTG,289
Os06g0140700.196,AACTG,289
Os01g0657400.8,TGCAC,258
Os01g0302500.29,TGCAC,258
Os01g0625300.68,TGCAC,258
Os06g0245900.91,TGCAC,258
Os07g0129700.107,TGCAC,258
Os04g0637000.126,TGCAC,258
Os12g0612700.158,TGCAC,258
Os01g0224100.177,TGCAC,258
Os01g0302500.39,GAAAAA,236
Os09g0455200.49,GAAAAA,236
Os01g0625300.58,GAAAAA,236
Os06g0245900.88,GAAAAA,236
Os07g0129700.104,GAAAAA,236
Os04g0637000.130,GAAAAA,236
Os12g0612700.154,GAAAAA,236
Os01g0224100.175,GAAAAA,236
Os06g0140700.191,GAAAAA,236
Os09g0455200.46,CTTTTT,233
Os01g0625300.64,CTTTTT,233
Os07g0129700.114,CTTTTT,233
Os04g0637000.132,CTTTTT,233
Os12g0612700.145,CTTTTT,233
Os01g0224100.162,CTTTTT,233
Os06g0140700.206,CTTTTT,233
Os09g0455200.57,TTGAC,221
Os06g0245900.78,TTGAC,221
Os07g0129700.116,TTGAC,221
Os04g0637000.140,TTGAC,221
Os12g0612700.155,TTGAC,221
Os01g0224100.179,TTGAC,221
Os06g0140700.204,TTGAC,221
Os01g0302500.31,ACTGC,216
Os09g0455200.55,ACTGC,216
Os06g0245900.96,ACTGC,216
Os07g0129700.98,ACTGC,216
Os04g0637000.133,ACTGC,216
Os06g0140700.195,ACTGC,216
Os01g0657400.16,RTTGMC,212
Os06g0245900.83,RTTGMC,212
Os07g0129700.100,RTTGMC,212
Os04g0637000.138,RTTGMC,212
Os12g0612700.148,RTTGMC,212
Os01g0224100.167,RTTGMC,212
Os06g0140700.201,RTTGMC,212
Os01g0302500.17,WTTGGT,199
Os09g0455200.48,WTTGGT,199
Os06g0245900.86,WTTGGT,199
Os04g0637000.135,WTTGGT,199
Os12g0612700.141,WTTGGT,199
Os06g0140700.194,WTTGGT,199
Os01g0657400.10,ACGTG,196
Os01g0302500.30,ACGTG,196
Os07g0129700.112,ACGTG,196
Os04g0637000.131,ACGTG,196
Os01g0224100.183,ACGTG,196
Os09g0455200.52,YAACKG,192
Os06g0245900.89,YAACKG,192
Os01g0224100.165,YAACKG,192
Os01g0657400.15,WAACCA,177
Os01g0302500.35,WAACCA,177
Os09g0455200.47,WAACCA,177
Os01g0625300.63,WAACCA,177
Os06g0245900.87,WAACCA,177
Os04g0637000.127,WAACCA,177
Os12g0612700.149,WAACCA,177
Os01g0224100.172,WAACCA,177
Os06g0140700.202,WAACCA,177
Os01g0657400.7,TGACG,148
Os01g0302500.34,TGACG,148
Os01g0625300.75,TGACG,148
Os06g0245900.79,TGACG,148
Os07g0129700.117,TGACG,148
Os04g0637000.121,TGACG,148
Os01g0224100.185,TGACG,148
Os01g0657400.6,YGGCTG,109
Os01g0302500.24,YGGCTG,109
Os09g0455200.54,YGGCTG,109
Os01g0625300.72,YGGCTG,109
Os01g0224100.187,YGGCTG,109
Os01g0302500.20,CATGTG,84
Os09g0455200.45,CATGTG,84
Os07g0129700.109,CATGTG,84
Os06g0140700.197,CATGTG,84
Os01g0302500.38,CACATG,82
Os01g0625300.61,CACATG,82
Os04g0637000.128,CACATG,82
Os01g0657400.11,RCCGAC,81
Os01g0302500.23,RCCGAC,81
Os01g0625300.70,RCCGAC,81
Os06g0245900.94,RCCGAC,81
Os12g0612700.144,RCCGAC,81
Os01g0302500.25,TGGCTG,79
Os01g0625300.71,TGGCTG,79
Os09g0455200.56,TTGACC,60
Os04g0637000.139,TTGACC,60
Os12g0612700.156,TTGACC,60
Os01g0224100.184,TTGACC,60
Os06g0140700.205,TTGACC,60
Os07g0129700.115,ATTGAC,59
Os04g0637000.137,ATTGAC,59
Os12g0612700.147,ATTGAC,59
Os01g0224100.169,ATTGAC,59
Os06g0140700.200,ATTGAC,59
Os01g0302500.37,GTACAC,58
Os01g0625300.62,GTACAC,58
Os04g0637000.129,GTACAC,58
Os01g0625300.73,AACTGG,56
Os06g0245900.92,AACTGG,56
Os07g0129700.113,AACTGG,56
Os04g0637000.123,AACTGG,56
Os01g0224100.170,AACTGG,56
Os01g0302500.21,GTGTAC,50
Os09g0455200.51,TAACTG,50
Os09g0455200.42,GTGTAC,50
Os07g0129700.110,GTGTAC,50
Os01g0224100.178,TAACTG,50
Os06g0140700.198,GTGTAC,50
Os01g0302500.33,ACCGAC,37
Os01g0625300.69,ACCGAC,37
Os06g0245900.95,ACCGAC,37
Os12g0612700.143,ACCGAC,37
Os01g0625300.65,AWTTCAAA,27
Os07g0129700.111,AWTTCAAA,27
Os04g0637000.118,AWTTCAAA,27
Os06g0140700.208,AWTTCAAA,27
Os01g0224100.186,ACGTSSSC,24
Os01g0657400.9,TGCASSSG,23
Os01g0625300.77,TGCASSSG,23
Os01g0657400.5,TWAAGTTT,18
Os12g0612700.150,TWAAGTTT,18
Os01g0224100.176,TTGCACA,18
Os12g0612700.157,TGCACMG,17
Os01g0224100.180,TGCACMG,17
Os01g0302500.36,GATTGGT,16
Os04g0637000.134,GATTGGT,16
Os01g0224100.188,TCGGCGG,15
Os01g0657400.14,CTAACCA,13
Os01g0224100.181,CTAACCA,13
Os12g0612700.161,AGATCCAA,9
Os06g0140700.207,AGATCCAA,9
Os01g0224100.182,AACGTGT,8
Os07g0129700.97,ATCACCTA,5
